model,regime,slice,n,valence_mae,valence_mse,valence_pearson,arousal_mae,arousal_mse,arousal_pearson
tfidf_ridge,unseen_user,all,2764,0.8500007804086167,1.119531058537105,0.5716219758987957,0.6033171327139476,0.5404834338343746,0.326264522960647
tfidf_ridge,unseen_user,words,1433,0.7945992380646787,0.9840071137336116,0.6595587064667642,0.5619028389682142,0.4841529325745763,0.40698636791588144
tfidf_ridge,unseen_user,essays,1331,0.918188615627565,1.2781075270878195,0.46230885613854233,0.6404953757698808,0.5861820044463946,0.22425048399370132
tfidf_ridge,seen_user,all,606,0.7952106200871701,0.9828648923919975,0.6663618707747031,0.5559861462475608,0.4591746221208623,0.4623086723906592
tfidf_ridge,seen_user,words,290,0.7442615158332628,0.8750380725466224,0.753023162071033,0.4932185544099677,0.3912312466361617,0.5255481069892795
tfidf_ridge,seen_user,essays,316,0.8419677094341105,1.0818198852880694,0.556724202149531,0.6135893159719341,0.5215277198758089,0.4231492129167611
