model_name,MAE_valence_mean,MAE_valence_std,MAE_arousal_mean,MAE_arousal_std,MSE_valence_mean,MSE_valence_std,MSE_arousal_mean,MSE_arousal_std
global_mean,1.0636791241851824,0.03981774735261446,0.6603279505912183,0.008249553388393754,1.669075270235616,0.09580021849524326,0.5682903736373268,0.01106358523378981
tfidf_ridge,0.78878628823678,0.027175910888185016,0.547398182556295,0.010583114921040334,0.9845797661484175,0.07770247939359157,0.44754367420408203,0.018856057436467982
tfidf_plus_features_ridge,0.7897165252639835,0.027349097104227713,0.5466477212304545,0.009746270942995653,0.9875641741743945,0.07720078492481836,0.44668877840603266,0.018543900612217327
embeddings_ridge,0.7566086523772594,0.015193774215414941,0.5377631816846565,0.010871317868813245,0.8901321534420543,0.03941824768532173,0.429863532664581,0.013970195142966178
embeddings_random_forest,0.7693302002721837,0.026509683150838178,0.5580048378441452,0.008877881335999808,0.9217810406415328,0.060991620885891384,0.44881719942506654,0.015121781259562617
